{"stats":{"minecraft:dropped":{"minecraft:wheat_seeds":1},"minecraft:custom":{"minecraft:time_since_rest":16128,"minecraft:blood":0,"minecraft:open_chest":3,"enigmaticlegacy:play_time_with_seven_curses":0,"minecraft:magic_shield":0,"minecraft:crouch_one_cm":5187,"minecraft:play_time":16128,"minecraft:sprint_one_cm":25423,"minecraft:damage_taken":80,"minecraft:walk_one_cm":11376,"minecraft:sneak_time":9828,"minecraft:walk_under_water_one_cm":3055,"minecraft:drop":1,"minecraft:dexterity":0,"minecraft:jump":172,"minecraft:intelligence":1,"minecraft:energy":50,"minecraft:leave_game":1,"minecraft:time_since_death":16128,"minecraft:health":75,"minecraft:move_speed":0,"minecraft:walk_on_water_one_cm":2615,"minecraft:strength":1,"enigmaticlegacy:play_time_without_seven_curses":9559,"minecraft:total_world_time":16128,"minecraft:interact_with_crafting_table":1,"minecraft:mana":60,"minecraft:fall_one_cm":2958,"minecraft:fly_one_cm":125879},"minecraft:used":{"minecraft:crafting_table":1,"minecraft:sugar_cane":1},"minecraft:picked_up":{"minecraft:stick":2,"minecraft:bow":1,"minecraft:wheat_seeds":1,"minecraft:sand":6,"minecraft:oak_log":1,"mmorpg:weapon/staff/wood":1,"minecraft:sugar_cane":4,"minecraft:iron_sword":1},"minecraft:crafted":{"minecraft:oak_planks":4,"minecraft:crafting_table":1},"minecraft:mined":{"minecraft:grass":5,"minecraft:oak_log":1,"minecraft:flowering_azalea_leaves":1,"minecraft:sand":6,"minecraft:sugar_cane":3}},"DataVersion":3465}